Time (s),Engine RPM,Calculated Load %,MAF g/s,Throttle %,AFR,Commanded AFR,STFT %,LTFT %,Ignition Timing,Knock Count,Intake Air Temp F,Oil Temp. F
0.0,3463.0,47.6,62.5,43.0,14.72,14.7,-0.1,-0.1,23.5,0,95.1,204.2
0.1,3552.0,36.0,73.1,33.3,14.48,14.7,1.0,2.0,23.9,0,94.0,205.9
0.2,3441.0,42.7,72.9,41.6,14.72,14.7,1.3,0.4,21.7,0,94.2,205.1
0.3,3468.0,44.0,71.1,43.0,14.47,14.7,0.2,-1.4,23.1,0,94.2,205.0
0.4,3702.0,42.2,79.0,41.8,14.94,14.7,1.4,2.8,22.8,0,94.5,205.7
0.5,3633.0,43.5,73.7,46.6,15.25,14.7,1.1,0.2,22.6,0,93.0,205.3
0.6,3595.0,43.4,71.2,47.1,14.8,14.7,1.7,0.8,23.2,0,95.1,204.1
0.7,3929.0,40.8,78.7,46.9,14.57,14.7,1.5,2.6,23.9,0,95.0,204.7
0.8,3782.0,40.4,77.1,35.5,14.19,14.7,2.4,0.9,23.3,0,94.4,206.4
0.9,4040.0,48.2,86.5,45.6,14.36,14.7,-0.3,0.8,21.9,0,96.3,205.7
1.0,3949.0,46.9,79.4,48.9,12.31,12.0,-2.0,-0.2,24.3,0,96.6,204.4
1.1,4024.0,44.5,81.7,43.1,11.79,12.0,1.0,-0.6,23.8,0,95.1,206.1
1.2,4007.0,44.0,84.8,46.5,11.93,12.0,1.2,0.8,23.5,0,96.0,205.4
1.3,3756.0,43.8,76.5,44.5,12.13,12.0,2.4,1.4,22.8,0,100.7,205.2
1.4,3981.0,50.4,86.4,55.1,12.3,12.0,1.9,1.3,20.6,0,100.8,205.1
1.5,4144.0,48.4,81.6,51.6,11.96,12.0,2.9,0.5,23.1,0,94.5,206.9
1.6,4245.0,56.4,82.8,59.6,11.92,12.0,0.9,1.0,20.7,0,94.9,204.6
1.7,4027.0,44.6,84.1,43.4,12.01,12.0,0.3,-0.8,22.0,0,94.7,205.6
1.8,4277.0,51.1,89.7,50.8,11.87,12.0,-2.1,1.5,21.2,0,99.1,206.4
1.9,4189.0,47.9,82.8,46.9,11.89,12.0,0.5,1.2,21.1,0,96.3,207.6
2.0,4391.0,54.0,95.8,49.5,12.08,12.0,-0.8,3.0,22.1,0,97.6,206.9
2.1,4400.0,48.6,98.3,53.1,12.04,12.0,0.3,1.0,22.6,0,101.3,205.8
2.2,4530.0,61.0,90.8,63.2,12.43,12.0,0.1,0.1,20.0,0,97.4,207.8
2.3,4607.0,47.4,100.8,46.4,12.09,12.0,0.7,0.9,22.1,0,98.9,205.6
2.4,4571.0,60.6,84.6,64.6,12.23,12.0,-0.1,0.7,19.2,0,98.6,206.9
2.5,4656.0,55.1,100.2,53.3,11.79,12.0,1.4,1.4,18.7,0,96.5,207.2
2.6,4547.0,55.7,90.2,50.2,12.11,12.0,-4.1,1.0,19.3,0,99.9,206.2
2.7,4964.0,63.7,106.1,66.8,11.86,12.0,0.3,-0.3,18.6,0,96.2,207.5
2.8,4513.0,56.5,89.1,52.7,12.08,12.0,1.8,-0.6,19.7,0,100.7,206.6
2.9,4630.0,51.6,95.1,51.0,12.14,12.0,2.8,1.3,21.7,0,97.0,207.6
3.0,4835.0,59.3,96.3,59.9,12.01,12.0,1.1,2.4,20.9,0,97.3,205.7
3.1,4850.0,64.5,99.0,65.7,12.48,12.0,2.5,1.1,19.1,0,96.2,207.5
3.2,4850.0,53.5,107.2,56.1,12.29,12.0,0.3,1.8,22.5,0,96.6,207.0
3.3,4903.0,66.2,100.5,67.9,12.24,12.0,0.0,2.0,18.2,0,97.7,208.3
3.4,4602.0,55.7,103.2,57.3,12.15,12.0,0.8,1.3,20.6,0,93.8,207.4
3.5,5072.0,57.9,102.9,55.6,12.35,12.0,-0.0,0.2,20.3,0,98.3,208.5
3.6,4886.0,53.9,106.6,54.8,11.71,12.0,-1.2,1.2,22.1,0,97.9,208.0
3.7,5087.0,59.0,98.2,54.4,12.27,12.0,-0.8,2.2,20.3,0,100.6,207.6
3.8,4720.0,47.7,96.0,52.4,11.8,12.0,-1.7,1.5,22.2,0,100.0,208.4
3.9,5021.0,57.4,101.2,53.2,11.89,12.0,0.8,1.7,18.8,0,97.8,208.4
4.0,4947.0,57.1,108.0,56.1,12.11,12.0,0.0,0.5,19.6,0,98.4,208.2
4.1,5107.0,55.8,105.9,51.8,12.25,12.0,-0.5,0.8,21.8,0,99.0,206.1
4.2,5099.0,63.0,96.6,60.8,11.77,12.0,-0.9,0.9,17.4,0,102.5,207.2
4.3,5127.0,59.4,100.3,59.5,11.9,12.0,0.8,0.9,21.4,0,98.0,209.2
4.4,4977.0,56.0,98.4,54.4,12.02,12.0,1.2,2.2,21.2,0,98.3,207.2
4.5,5117.0,58.9,109.1,62.3,11.96,12.0,-1.7,-1.3,19.4,0,97.6,208.9
4.6,5121.0,61.7,108.7,62.4,12.17,12.0,-1.9,1.0,18.9,0,97.0,208.9
4.7,5220.0,61.7,106.3,60.3,12.69,12.0,1.4,0.9,21.6,0,100.7,207.8
4.8,5296.0,59.5,106.8,59.1,12.08,12.0,-2.1,-0.4,21.5,0,100.6,206.8
4.9,5212.0,61.8,110.2,65.5,11.85,12.0,0.8,1.7,19.6,0,102.9,208.1
5.0,5055.0,59.3,99.6,62.0,11.74,12.0,2.4,0.3,20.3,0,102.5,210.3
5.1,5235.0,57.0,109.6,53.6,11.93,12.0,2.4,0.6,19.8,0,105.3,208.0
5.2,5548.0,64.1,115.7,62.1,11.81,12.0,1.1,2.8,19.4,0,100.5,208.1
5.3,5443.0,66.4,111.0,67.8,12.09,12.0,1.1,2.0,18.3,0,100.2,208.0
5.4,4899.0,59.9,102.5,61.0,12.09,12.0,3.4,1.6,19.9,0,98.3,209.8
5.5,5273.0,61.1,109.0,58.0,11.91,12.0,-3.5,1.4,21.6,0,102.4,208.8
5.6,5386.0,66.1,112.9,68.3,12.4,12.0,-0.7,0.8,18.9,0,101.3,208.5
5.7,5259.0,58.0,102.9,55.3,11.85,12.0,1.3,3.0,19.3,0,102.5,210.2
5.8,5232.0,57.8,110.2,61.7,11.98,12.0,-0.5,1.8,19.0,0,99.0,209.6
5.9,5260.0,60.9,112.4,62.5,12.13,12.0,1.9,0.3,20.0,0,102.1,208.5
6.0,5362.0,69.1,111.7,65.7,12.18,12.0,-0.1,-0.4,17.7,0,101.9,208.3
6.1,5160.0,61.4,108.6,59.8,12.26,12.0,0.2,1.6,20.0,0,101.9,210.3
6.2,5442.0,62.9,111.6,61.3,12.09,12.0,-0.4,0.9,17.9,0,100.4,209.5
6.3,5293.0,68.5,112.5,68.9,12.21,12.0,-0.8,-0.4,19.3,0,104.2,208.3
6.4,5187.0,59.9,107.1,59.3,11.87,12.0,-0.8,1.4,19.0,0,106.0,208.2
6.5,5432.0,72.8,107.2,69.4,12.18,12.0,0.4,0.7,17.9,0,99.8,208.8
6.6,5109.0,58.1,108.5,53.9,12.18,12.0,-1.2,1.5,20.0,0,103.6,208.7
6.7,5224.0,57.4,101.0,59.1,12.3,12.0,1.4,1.4,22.2,0,96.5,208.2
6.8,5216.0,60.7,108.5,61.6,11.67,12.0,1.0,0.4,20.1,0,103.7,209.0
6.9,5536.0,64.1,112.4,64.4,11.82,12.0,1.6,1.6,21.3,0,98.7,209.2
7.0,5189.0,57.8,105.0,58.6,12.16,12.0,-1.7,0.5,20.9,0,101.5,209.7
7.1,5004.0,69.3,103.7,67.4,11.47,12.0,-2.5,0.6,19.9,0,100.1,211.5
7.2,5183.0,62.3,103.9,62.8,12.1,12.0,-0.0,0.5,19.4,0,102.4,210.0
7.3,5297.0,64.2,111.1,71.8,12.21,12.0,4.3,2.1,19.7,0,104.6,210.1
7.4,5324.0,60.8,109.8,64.3,11.88,12.0,1.9,0.7,21.1,0,99.3,210.7
7.5,5491.0,62.3,110.6,61.4,11.91,12.0,-0.8,2.4,20.5,0,102.4,210.2
7.6,5372.0,67.3,116.0,65.7,11.79,12.0,0.6,2.8,19.3,0,102.2,210.8
7.7,5211.0,54.6,108.1,46.0,11.9,12.0,1.1,0.3,20.6,0,106.5,210.8
7.8,5065.0,55.0,106.8,58.2,11.9,12.0,-2.1,-1.9,20.7,0,104.3,210.7
7.9,5350.0,61.9,115.8,64.3,11.86,12.0,2.1,2.0,20.8,0,101.2,212.9
8.0,5093.0,65.3,110.4,63.7,11.85,12.0,-0.3,0.7,20.5,0,102.7,211.5
8.1,5039.0,57.8,106.1,53.5,11.95,12.0,-0.1,0.1,19.8,0,106.9,209.9
8.2,5047.0,61.0,102.7,57.6,11.94,12.0,0.0,0.4,19.1,0,105.3,211.2
8.3,4926.0,58.1,95.7,59.4,12.37,12.0,1.7,0.6,19.4,0,102.2,210.3
8.4,4998.0,64.0,103.7,63.7,11.92,12.0,-1.1,2.3,20.2,0,103.6,211.4
8.5,5003.0,52.5,107.4,54.6,12.07,12.0,-2.6,1.2,20.3,0,103.8,210.0
8.6,5094.0,62.9,106.3,63.1,11.88,12.0,0.5,2.3,20.3,0,103.3,210.3
8.7,4935.0,57.3,87.8,60.2,11.88,12.0,-3.1,1.5,21.0,0,101.0,211.5
8.8,4803.0,60.2,102.4,61.3,11.66,12.0,-0.5,0.7,19.4,0,103.2,212.1
8.9,4736.0,52.4,101.2,54.9,11.69,12.0,1.8,0.6,22.8,0,107.4,211.8
9.0,4926.0,58.0,100.2,51.8,11.76,12.0,0.9,1.6,18.9,0,104.0,212.1
9.1,4881.0,57.0,104.4,53.3,12.04,12.0,1.6,1.8,22.2,0,104.7,211.8
9.2,4776.0,52.2,100.8,51.1,12.22,12.0,0.9,2.0,21.6,0,105.3,211.7
9.3,4756.0,50.8,95.2,54.1,11.64,12.0,3.6,0.7,19.5,0,109.5,211.3
9.4,4827.0,54.5,104.5,60.1,11.89,12.0,-0.9,1.2,22.5,0,105.2,212.4
9.5,4915.0,58.3,96.1,57.9,11.73,12.0,0.6,1.6,21.2,0,107.5,212.6
9.6,4622.0,51.4,94.9,49.5,11.95,12.0,-0.7,0.6,21.0,0,104.2,211.8
9.7,4693.0,53.9,96.0,48.0,12.22,12.0,1.4,-0.1,20.1,0,105.0,211.9
9.8,4763.0,48.5,94.8,51.1,11.91,12.0,-0.1,0.2,20.3,0,105.7,213.3
9.9,4520.0,51.7,94.3,50.0,11.99,12.0,2.6,0.8,23.8,0,104.2,212.1
10.0,4575.0,57.9,99.4,66.8,12.29,12.0,-0.8,1.7,19.4,0,105.4,212.2
10.1,4536.0,56.2,98.4,54.0,12.09,12.0,2.1,2.3,19.4,0,107.7,212.6
10.2,4346.0,50.8,92.4,57.1,11.85,12.0,0.9,-0.4,21.8,0,104.5,212.2
10.3,4486.0,53.8,85.6,56.0,12.03,12.0,-0.0,0.4,19.4,0,106.2,211.7
10.4,4432.0,48.8,85.9,45.7,11.83,12.0,0.8,0.6,20.9,0,107.7,212.8
10.5,4456.0,58.9,92.4,59.6,12.08,12.0,0.4,1.8,21.2,0,104.7,212.5
10.6,4207.0,57.8,86.5,60.1,12.1,12.0,0.5,0.5,20.8,0,108.7,214.1
10.7,4311.0,51.4,86.8,50.7,11.73,12.0,-0.3,0.6,21.1,0,106.8,213.3
10.8,4435.0,62.5,98.9,65.1,12.04,12.0,-1.1,-0.4,19.6,0,106.4,212.3
10.9,4478.0,50.0,92.6,52.4,11.98,12.0,-0.5,1.5,21.2,0,102.8,213.4
11.0,4341.0,46.1,91.5,47.9,12.11,12.0,-2.5,0.8,22.3,0,106.2,213.1
11.1,4004.0,44.3,86.4,44.2,12.17,12.0,1.3,0.3,21.9,0,107.8,214.0
11.2,4157.0,48.0,85.8,44.5,12.1,12.0,-1.9,0.7,21.4,0,110.6,212.6
11.3,4002.0,56.3,92.8,56.1,14.64,14.7,-0.3,2.1,20.0,0,108.4,213.3
11.4,4052.0,46.5,79.7,47.1,12.19,12.0,1.0,-0.0,21.5,0,109.6,213.1
11.5,3882.0,42.2,77.5,36.6,14.53,14.7,1.3,0.2,24.0,0,105.1,213.3
11.6,3725.0,40.2,72.9,40.7,14.44,14.7,-2.7,2.3,24.1,0,107.3,212.6
11.7,3845.0,49.8,85.4,49.5,14.06,14.7,-0.1,1.1,20.8,0,110.1,213.9
11.8,3929.0,50.2,84.1,46.3,11.99,12.0,0.7,1.7,20.4,0,106.0,213.8
11.9,3833.0,43.2,76.7,42.2,14.54,14.7,0.1,1.4,22.7,0,109.8,214.6
12.0,3802.0,37.2,74.8,36.3,14.78,14.7,2.0,1.0,26.0,0,109.5,213.6
12.1,3735.0,39.4,82.4,45.2,14.31,14.7,-1.2,0.7,22.4,0,108.7,213.4
12.2,3713.0,50.6,77.9,51.2,14.57,14.7,-3.1,1.8,21.4,0,107.6,214.4
12.3,3683.0,46.1,81.5,49.2,14.79,14.7,1.2,2.2,22.4,0,106.4,213.2
12.4,3542.0,41.9,72.7,41.6,14.49,14.7,-0.8,2.1,22.9,0,112.0,214.8
12.5,3540.0,49.1,74.9,43.5,14.78,14.7,-2.6,-0.2,21.4,0,109.8,214.8
12.6,3694.0,51.3,77.3,53.3,14.59,14.7,-0.2,2.3,22.6,0,109.4,215.1
12.7,3457.0,40.5,68.7,38.6,14.69,14.7,1.8,0.6,23.7,0,108.0,214.4
12.8,3400.0,39.9,69.4,38.9,14.82,14.7,-1.9,0.2,24.2,0,109.0,213.8
12.9,3362.0,37.2,64.5,34.1,14.89,14.7,3.5,0.8,24.4,0,109.3,214.3
13.0,3279.0,37.4,69.5,37.7,14.72,14.7,-1.3,1.8,24.7,0,109.9,214.6
13.1,3208.0,31.8,69.1,35.0,14.54,14.7,0.1,1.5,26.3,0,110.7,214.0
13.2,3241.0,32.2,70.7,35.0,14.61,14.7,-1.8,0.7,26.0,0,107.8,215.5
13.3,3111.0,29.7,66.7,34.5,14.83,14.7,0.1,1.8,27.4,0,106.5,215.0
13.4,3110.0,40.9,63.5,46.1,14.5,14.7,-0.2,1.1,24.4,0,109.7,213.9
13.5,2989.0,28.9,67.7,22.8,14.66,14.7,-2.2,0.4,24.5,0,106.2,216.2
13.6,3053.0,43.7,66.4,40.1,14.62,14.7,4.2,0.3,23.6,0,109.1,214.8
13.7,3067.0,33.2,68.7,27.7,14.68,14.7,-0.7,1.4,25.2,0,108.8,214.0
13.8,2928.0,41.4,66.1,43.3,14.5,14.7,-0.7,0.9,25.0,0,111.0,214.2
13.9,2670.0,30.0,54.5,27.9,14.33,14.7,1.5,-0.4,24.0,0,114.0,216.2
14.0,2939.0,28.3,62.1,26.8,14.8,14.7,2.7,1.8,25.8,0,106.3,216.5
14.1,2841.0,38.6,61.6,37.9,14.89,14.7,1.7,0.5,22.9,0,114.8,215.9
14.2,2666.0,37.0,50.3,38.1,14.34,14.7,-1.8,2.6,24.4,0,109.9,216.2
14.3,2837.0,29.8,53.9,25.3,14.77,14.7,0.3,-0.4,24.8,0,111.2,216.2
14.4,2536.0,28.5,47.0,24.7,14.92,14.7,-2.8,0.8,25.7,0,107.8,215.8
14.5,2789.0,29.2,57.0,29.2,14.82,14.7,1.4,0.3,23.7,0,112.7,215.7
14.6,2617.0,30.3,52.5,33.9,14.62,14.7,-2.5,0.0,25.7,0,110.9,215.9
14.7,2312.0,27.6,41.9,27.6,14.51,14.7,-1.2,0.5,25.6,0,110.8,216.1
14.8,2568.0,28.8,53.5,26.4,14.72,14.7,-0.0,2.8,25.4,0,107.2,215.0
14.9,2460.0,21.7,50.3,15.2,14.75,14.7,0.7,1.1,28.3,0,111.3,216.3
15.0,2404.0,26.0,54.2,28.8,14.72,14.7,-0.4,0.2,25.3,0,113.0,216.9
15.1,2346.0,30.4,56.4,28.2,14.66,14.7,2.3,-0.8,25.3,0,110.9,215.7
15.2,2383.0,27.2,50.9,23.8,14.48,14.7,1.1,-0.7,25.6,0,113.8,215.7
15.3,2305.0,25.8,44.7,20.7,14.78,14.7,1.0,0.5,25.9,0,113.9,216.4
15.4,2106.0,21.1,45.9,16.7,14.79,14.7,-1.8,0.4,28.7,0,110.4,215.5
15.5,2448.0,26.4,50.4,23.5,14.74,14.7,2.5,0.8,25.7,0,115.0,215.1
15.6,2233.0,31.9,45.0,31.2,14.72,14.7,-1.2,-1.3,24.1,0,112.0,217.1
15.7,2142.0,20.6,40.7,17.0,15.04,14.7,2.6,0.9,28.4,0,112.1,215.9
15.8,2063.0,27.2,40.6,27.7,14.58,14.7,3.0,2.0,25.2,0,112.3,216.4
15.9,2260.0,26.8,45.8,26.0,14.96,14.7,0.8,2.6,23.9,0,112.4,215.9
16.0,1982.0,24.3,44.0,31.0,14.55,14.7,1.5,-0.9,25.2,0,107.1,217.5
16.1,2125.0,22.1,45.8,17.0,14.92,14.7,-4.6,0.2,25.1,0,112.1,217.2
16.2,2011.0,22.2,48.7,22.7,14.95,14.7,-0.3,0.1,24.5,0,109.9,216.4
16.3,1990.0,23.4,43.7,23.9,14.64,14.7,1.7,1.1,25.7,0,115.9,215.8
16.4,1895.0,20.2,40.7,17.1,15.03,14.7,1.4,-0.2,26.6,0,116.0,216.5
16.5,1927.0,24.0,38.5,24.3,14.79,14.7,-1.8,2.7,27.2,0,114.6,217.3
16.6,1978.0,25.1,36.6,27.4,14.52,14.7,-0.4,1.0,26.4,0,112.5,217.1
16.7,1982.0,32.0,38.5,32.3,14.63,14.7,-3.8,0.9,25.2,0,111.1,217.1
16.8,1837.0,22.7,35.0,26.9,14.93,14.7,0.6,2.6,25.3,0,111.9,217.2
16.9,1899.0,14.7,28.8,8.2,14.88,14.7,-2.8,1.0,28.4,0,117.2,217.7
17.0,1996.0,28.1,37.1,25.6,14.49,14.7,1.7,1.4,26.7,0,112.1,217.2
17.1,1670.0,18.8,40.8,23.3,14.67,14.7,1.8,0.2,27.3,0,108.8,217.6
17.2,1850.0,29.8,39.6,32.6,14.74,14.7,-0.7,-0.4,25.5,0,115.7,216.6
17.3,1719.0,26.1,33.9,27.7,14.6,14.7,0.8,0.4,24.4,0,116.8,219.5
17.4,1691.0,17.9,36.4,21.6,15.17,14.7,-0.3,3.2,28.1,0,117.2,217.3
17.5,1833.0,24.4,29.9,18.7,14.75,14.7,0.4,1.6,27.7,0,116.1,217.7
17.6,1722.0,17.9,36.6,20.3,14.69,14.7,-1.7,1.3,27.3,0,116.5,218.1
17.7,1628.0,19.2,38.6,22.4,14.94,14.7,0.9,0.0,26.2,0,114.3,217.4
17.8,1921.0,25.3,39.1,23.3,14.63,14.7,-2.5,1.9,25.6,0,110.2,217.8
17.9,1861.0,26.3,31.2,34.2,14.9,14.7,-2.7,-0.4,25.2,0,114.5,217.8
18.0,1509.0,21.3,29.4,21.9,14.37,14.7,-0.2,-0.6,26.1,0,115.8,217.2
18.1,1555.0,18.6,37.1,12.0,14.61,14.7,-0.3,0.4,27.5,0,114.4,218.3
18.2,1795.0,31.1,38.0,32.2,14.91,14.7,0.4,3.0,25.1,0,114.4,216.7
18.3,1683.0,18.3,29.0,16.2,15.01,14.7,-1.0,2.9,27.9,0,112.9,219.5
18.4,1891.0,15.8,48.4,19.3,14.55,14.7,2.8,0.5,27.7,0,113.0,218.8
18.5,1781.0,15.3,31.6,16.9,14.52,14.7,0.2,0.3,26.6,0,118.8,218.8
18.6,1739.0,26.4,34.8,24.6,14.81,14.7,0.3,-0.6,25.1,0,118.9,217.0
18.7,1579.0,18.3,28.4,22.8,14.58,14.7,0.3,1.1,26.4,0,115.3,217.8
18.8,1759.0,21.3,32.1,24.2,14.65,14.7,1.5,1.2,26.3,0,116.0,219.6
18.9,1547.0,16.0,30.0,13.5,14.88,14.7,0.9,1.8,29.1,0,113.5,221.9
19.0,1858.0,20.0,40.8,19.6,14.59,14.7,0.7,1.9,28.6,0,116.9,219.6
19.1,1754.0,17.5,41.3,19.0,14.31,14.7,1.1,0.8,27.9,0,119.2,219.5
19.2,1608.0,20.8,31.6,19.7,14.44,14.7,-2.7,1.6,26.7,0,112.8,219.2
19.3,1808.0,20.9,33.2,19.9,14.7,14.7,-2.7,0.3,25.2,0,116.9,218.2
19.4,1986.0,25.1,42.8,25.2,14.33,14.7,-0.1,1.5,26.0,0,117.1,219.7
19.5,1698.0,21.3,37.0,18.1,14.64,14.7,-0.3,0.5,25.7,0,117.2,218.1
19.6,1798.0,19.4,38.0,12.7,14.42,14.7,0.9,1.5,28.4,0,119.6,218.1
19.7,1689.0,14.0,35.9,14.7,15.03,14.7,0.0,1.4,26.1,0,120.4,218.1
19.8,1761.0,14.5,35.8,8.6,15.13,14.7,0.9,1.1,28.0,0,116.0,220.0
19.9,1581.0,30.7,32.9,27.7,14.49,14.7,-1.9,1.8,24.0,0,117.9,219.2
20.0,1774.0,26.8,35.8,21.5,14.75,14.7,-0.0,-0.6,25.5,0,116.9,219.4
20.1,1792.0,26.4,41.2,21.5,14.51,14.7,-2.0,-0.1,26.3,0,115.5,219.4
20.2,2017.0,21.0,50.5,22.3,14.64,14.7,0.6,0.7,27.5,0,117.5,218.6
20.3,1602.0,18.9,33.7,18.2,15.06,14.7,-2.8,-0.4,26.8,0,118.4,219.0
20.4,1800.0,17.9,37.0,17.1,14.61,14.7,0.5,0.6,27.8,0,117.6,219.1
20.5,2006.0,18.3,42.3,14.4,14.64,14.7,-2.2,0.6,26.3,0,115.5,218.6
20.6,1841.0,19.3,35.3,17.3,14.51,14.7,-0.6,2.3,27.0,0,116.4,219.4
20.7,1869.0,27.3,41.5,28.4,14.93,14.7,1.3,1.1,26.5,0,116.6,219.0
20.8,1810.0,24.7,39.0,24.5,14.05,14.7,0.3,2.0,26.2,0,115.9,220.4
20.9,1819.0,17.5,35.8,20.0,14.61,14.7,-2.5,1.3,26.5,0,118.3,220.5
21.0,1735.0,19.2,39.3,22.0,14.69,14.7,-1.0,0.5,26.5,0,118.6,219.0
21.1,1902.0,25.4,39.2,24.6,14.57,14.7,-2.3,1.1,26.8,0,119.9,219.9
21.2,1883.0,19.9,34.9,14.3,14.87,14.7,-2.5,1.7,25.6,0,116.3,221.7
21.3,2041.0,24.3,43.4,22.1,14.94,14.7,0.2,2.2,25.0,0,117.0,219.5
21.4,1959.0,24.7,41.3,24.4,14.42,14.7,0.8,0.9,26.5,0,121.3,220.7
21.5,2023.0,25.4,45.5,23.0,15.12,14.7,0.7,-0.6,25.3,0,118.0,220.5
21.6,2055.0,25.2,45.6,22.0,14.42,14.7,0.9,-0.7,24.3,0,118.5,221.4
21.7,2132.0,22.5,43.5,22.7,14.96,14.7,-0.0,0.7,27.6,0,118.2,220.8
21.8,2104.0,22.6,41.4,29.8,14.73,14.7,-0.4,-1.3,25.1,0,120.9,220.3
21.9,2071.0,19.8,42.6,18.4,14.6,14.7,-1.6,2.8,26.5,0,121.1,220.8
22.0,2240.0,20.1,47.6,20.1,14.62,14.7,-0.7,1.6,26.0,0,121.1,220.9
22.1,2390.0,27.7,51.1,23.7,14.69,14.7,-2.0,0.4,25.1,0,119.0,220.8
22.2,2311.0,30.5,48.8,34.2,14.74,14.7,-1.3,-0.1,24.0,0,117.3,219.9
22.3,2256.0,21.0,46.1,23.6,14.52,14.7,0.1,2.0,27.2,0,123.0,222.0
22.4,2349.0,28.7,52.3,31.1,14.65,14.7,-0.2,-0.1,25.3,0,121.0,221.9
22.5,2153.0,28.5,41.6,32.5,14.55,14.7,4.6,-0.0,26.2,0,118.5,220.3
22.6,2418.0,21.1,59.7,19.8,14.46,14.7,-2.0,0.2,25.9,0,122.4,221.0
22.7,2423.0,27.4,52.9,26.5,14.54,14.7,-0.2,1.1,27.6,0,118.6,221.1
22.8,2397.0,34.8,44.8,39.9,14.47,14.7,-2.1,1.6,22.3,0,122.6,220.4
22.9,2456.0,31.1,51.3,33.0,14.62,14.7,-0.6,2.2,23.2,0,122.8,219.9
23.0,2536.0,22.4,55.3,15.7,14.79,14.7,-0.5,2.0,28.0,0,118.1,221.0
23.1,2743.0,34.9,55.1,36.3,14.72,14.7,1.3,1.0,24.7,0,121.2,221.3
23.2,2795.0,29.9,51.6,28.1,15.09,14.7,-0.7,2.0,25.4,0,121.7,220.5
23.3,2592.0,33.3,49.2,36.0,14.26,14.7,-0.3,0.3,24.9,0,125.5,221.9
23.4,2682.0,28.8,57.4,30.0,14.79,14.7,-0.6,-0.8,25.8,0,118.9,222.7
23.5,2726.0,31.9,49.1,26.6,14.7,14.7,-2.1,0.3,25.0,0,123.4,222.5
23.6,2924.0,32.3,54.4,33.1,14.86,14.7,-1.0,0.2,23.7,0,120.6,221.8
23.7,2886.0,34.0,61.6,34.6,14.84,14.7,-0.6,0.4,25.2,0,118.2,220.5
23.8,2922.0,32.1,59.3,33.2,14.67,14.7,0.1,0.0,25.3,0,120.6,222.7
23.9,3018.0,34.6,59.4,36.3,14.73,14.7,0.8,0.5,25.7,0,120.9,222.3
24.0,2925.0,29.7,58.3,34.2,14.55,14.7,-0.4,1.6,26.8,0,118.9,222.6
24.1,3204.0,39.7,60.1,40.9,14.82,14.7,-0.4,2.7,23.7,0,121.8,223.8
24.2,3084.0,37.0,65.4,37.1,14.32,14.7,-2.6,-0.7,22.6,0,123.2,221.7
24.3,3025.0,29.1,59.1,32.6,14.86,14.7,0.8,-0.3,26.9,0,121.8,220.1
24.4,3145.0,41.0,62.6,47.7,14.7,14.7,-1.0,0.2,22.2,0,120.4,221.7
24.5,3364.0,38.9,70.7,41.6,14.6,14.7,1.1,1.8,23.9,0,121.3,223.0
24.6,3210.0,38.4,65.1,39.0,14.65,14.7,2.0,0.8,23.3,0,121.7,222.7
24.7,3420.0,43.3,67.6,44.6,14.67,14.7,-0.3,0.3,22.4,0,122.2,221.8
24.8,3275.0,39.8,59.5,40.6,14.96,14.7,-1.5,1.7,24.1,0,124.1,221.7
24.9,3303.0,43.5,69.5,43.6,15.35,14.7,-0.0,2.0,23.0,0,122.6,222.6
25.0,3519.0,40.2,72.8,46.7,14.94,14.7,0.5,1.0,23.8,0,119.3,221.9
25.1,3380.0,43.9,67.5,41.7,14.59,14.7,-0.5,0.2,21.9,0,121.1,223.4
25.2,3629.0,43.2,70.6,46.7,14.83,14.7,-0.8,1.3,22.6,0,122.7,222.8
25.3,3617.0,44.6,74.5,44.2,14.83,14.7,0.8,0.8,21.8,0,124.7,222.7
25.4,3515.0,43.0,74.3,38.5,14.51,14.7,0.7,0.8,22.6,0,125.2,222.6
25.5,3656.0,48.0,75.7,47.4,14.45,14.7,-0.5,0.5,21.9,0,126.2,223.5
25.6,3644.0,45.8,81.6,44.1,14.69,14.7,-2.5,1.9,24.2,0,123.0,223.4
25.7,3796.0,42.9,81.0,44.6,14.86,14.7,0.7,1.2,22.6,0,124.4,223.6
25.8,4025.0,44.8,82.4,45.1,14.38,14.7,-1.2,2.0,20.4,0,120.1,223.7
25.9,3799.0,44.5,81.2,41.4,14.56,14.7,0.3,2.3,24.0,0,124.0,223.5
26.0,3951.0,43.4,81.5,47.9,14.81,14.7,0.2,1.5,23.2,0,121.1,222.8
26.1,3934.0,42.1,81.2,45.3,14.71,14.7,-2.8,0.5,22.9,0,123.2,223.2
26.2,3977.0,38.3,87.1,43.0,12.28,12.0,0.1,2.0,23.2,0,129.5,223.5
26.3,3998.0,40.8,78.7,41.5,14.42,14.7,0.8,1.5,22.2,0,124.1,225.5
26.4,3958.0,54.5,81.6,54.4,12.47,12.0,1.0,3.6,22.9,0,121.9,222.9
26.5,4144.0,46.1,90.1,48.2,11.69,12.0,0.2,1.3,22.4,0,124.6,223.7
26.6,4111.0,56.0,85.9,54.2,11.59,12.0,-3.0,1.7,18.9,0,122.8,224.2
26.7,4079.0,49.6,82.5,50.0,11.99,12.0,1.9,1.3,22.1,0,122.1,223.9
26.8,4350.0,51.0,82.7,50.5,11.77,12.0,0.6,0.9,22.7,0,128.3,225.1
26.9,4282.0,44.4,79.1,40.0,11.99,12.0,-1.8,0.7,22.8,0,126.3,224.1
27.0,4283.0,50.4,96.5,50.8,11.99,12.0,-1.2,1.3,20.7,0,125.0,224.2
27.1,4511.0,60.6,94.1,59.3,11.96,12.0,0.3,1.5,18.9,0,123.6,225.1
27.2,4169.0,55.3,83.5,54.6,11.83,12.0,1.0,2.2,19.9,0,123.9,226.0
27.3,4581.0,55.0,95.7,56.1,12.09,12.0,-0.7,1.3,22.4,0,127.7,225.7
27.4,4361.0,46.7,86.0,50.5,11.94,12.0,1.2,0.5,22.1,0,125.3,224.6
27.5,4530.0,49.5,91.9,46.9,12.22,12.0,-2.7,0.7,20.1,0,118.7,224.7
27.6,4471.0,49.2,88.3,48.2,11.96,12.0,-1.6,-0.3,22.2,0,129.8,224.9
27.7,4467.0,57.7,86.3,55.4,11.81,12.0,-3.1,2.7,20.5,0,125.4,225.0
27.8,4771.0,62.7,89.8,60.2,11.66,12.0,-1.3,0.5,19.1,0,125.9,224.3
27.9,4871.0,58.1,93.9,56.3,11.97,12.0,2.3,2.0,19.3,0,127.4,225.8
28.0,4656.0,53.6,99.9,53.0,11.75,12.0,3.1,1.3,20.0,0,126.3,225.3
28.1,4756.0,62.2,94.0,63.9,11.73,12.0,0.4,1.3,20.7,0,127.0,225.1
28.2,4756.0,52.0,100.1,53.0,12.11,12.0,-1.0,0.9,21.6,0,124.8,224.2
28.3,4989.0,58.9,106.5,55.7,11.64,12.0,-0.3,0.2,20.7,0,123.2,225.4
28.4,4559.0,55.5,93.9,59.4,12.28,12.0,0.7,0.0,21.0,0,126.4,223.9
28.5,4888.0,54.1,99.4,56.9,12.03,12.0,-2.3,2.7,21.3,0,128.8,225.0
28.6,4785.0,53.7,99.0,51.0,11.99,12.0,-0.9,1.1,20.6,0,124.7,225.1
28.7,4618.0,51.5,93.4,55.1,11.79,12.0,2.2,2.1,21.2,0,124.7,225.8
28.8,4885.0,63.1,105.4,64.1,12.15,12.0,-1.6,2.4,20.6,0,128.7,227.2
28.9,5177.0,68.6,114.1,68.1,12.0,12.0,-1.1,0.6,20.0,0,125.4,226.2
29.0,4903.0,58.1,106.7,59.2,11.86,12.0,0.0,1.4,19.1,0,125.6,227.0
29.1,5102.0,58.9,96.4,58.9,12.04,12.0,0.4,1.0,20.0,0,125.8,226.4
29.2,5175.0,58.5,104.8,60.1,11.66,12.0,-0.9,-0.2,21.1,0,126.6,226.9
29.3,5052.0,59.4,104.0,60.0,11.67,12.0,0.1,0.8,22.0,0,123.6,227.5
29.4,5091.0,57.7,106.7,56.7,11.78,12.0,0.9,1.6,22.2,0,125.8,225.5
29.5,4891.0,57.2,93.8,51.1,12.07,12.0,2.9,0.5,19.7,0,127.5,225.5
29.6,5032.0,60.8,96.6,62.4,12.0,12.0,-0.2,0.7,21.1,0,127.6,226.8
29.7,5246.0,60.1,113.2,59.0,12.21,12.0,-0.1,0.8,20.0,0,129.5,226.3
29.8,5162.0,60.0,104.0,62.3,11.82,12.0,2.3,3.1,21.0,0,131.0,226.6
29.9,5216.0,60.6,101.4,62.1,12.11,12.0,-0.8,-0.8,20.7,0,130.5,226.3
30.0,5204.0,60.0,102.7,58.9,11.98,12.0,-2.0,1.5,18.7,0,129.4,226.1
30.1,5467.0,62.5,114.1,65.6,11.81,12.0,0.4,0.7,20.1,0,127.4,227.9
30.2,5166.0,63.8,103.1,64.4,12.08,12.0,1.6,0.4,20.4,0,126.5,225.8
30.3,5423.0,56.7,112.6,57.2,11.99,12.0,0.5,0.7,20.5,0,127.9,227.3
30.4,5258.0,68.2,104.3,67.7,11.87,12.0,-0.1,1.7,18.4,0,129.2,227.2
30.5,5456.0,64.7,105.4,69.8,12.01,12.0,-2.2,1.7,17.6,0,129.7,225.6
30.6,5116.0,62.6,111.0,60.5,11.97,12.0,-0.1,1.2,20.2,0,129.5,226.3
30.7,5293.0,65.2,110.6,64.2,11.97,12.0,1.8,2.1,19.3,0,128.1,226.5
30.8,5231.0,58.7,106.4,55.0,11.92,12.0,-1.9,2.3,19.3,0,130.0,227.6
30.9,5302.0,58.7,107.1,60.9,11.74,12.0,-0.4,1.8,19.9,0,131.1,226.9
31.0,5437.0,59.8,117.8,58.1,12.01,12.0,-0.6,0.5,20.2,0,130.4,227.2
31.1,5340.0,61.8,112.3,60.4,11.84,12.0,-1.0,1.5,19.1,0,128.7,226.2
31.2,5444.0,66.8,116.7,65.3,11.8,12.0,0.4,1.5,18.9,0,127.2,229.3
31.3,5219.0,59.1,105.1,59.3,11.95,12.0,0.7,0.2,18.4,0,127.2,227.5
31.4,5201.0,63.6,107.3,59.9,12.15,12.0,0.6,-0.6,20.7,0,127.7,227.9
31.5,5302.0,52.9,110.8,46.2,12.04,12.0,-1.5,-1.0,21.2,0,129.7,227.2
31.6,5293.0,60.7,106.8,62.1,11.89,12.0,-2.5,1.1,18.8,0,130.3,227.2
31.7,5273.0,66.7,108.2,60.4,11.89,12.0,0.4,1.3,16.4,0,126.6,229.3
31.8,5177.0,60.2,104.2,62.8,12.13,12.0,-0.8,-0.2,21.0,0,128.5,226.3
31.9,5431.0,60.6,113.4,65.2,11.52,12.0,2.8,2.0,20.5,0,130.1,228.1
32.0,5237.0,59.0,102.5,58.5,12.16,12.0,2.8,1.2,20.4,0,127.9,227.0
32.1,5445.0,51.9,114.4,55.8,11.63,12.0,3.0,2.3,22.2,0,130.7,227.7
32.2,5267.0,57.9,109.7,57.8,11.72,12.0,-1.4,1.4,21.2,0,129.3,227.6
32.3,5334.0,67.0,109.0,71.8,11.9,12.0,0.9,-0.1,19.0,0,128.6,227.4
32.4,5313.0,60.2,111.2,58.8,12.43,12.0,1.3,1.5,19.7,0,130.3,228.3
32.5,5135.0,58.6,104.3,51.5,12.34,12.0,1.1,1.7,19.8,0,131.1,226.3
32.6,5266.0,52.6,105.7,52.4,12.14,12.0,-0.5,0.5,21.7,0,128.7,228.1
32.7,5439.0,57.5,114.2,62.6,12.07,12.0,1.9,-0.4,21.8,0,130.0,228.4
32.8,5224.0,66.2,109.9,67.8,11.63,12.0,0.0,1.1,18.9,0,131.5,227.5
32.9,5286.0,64.7,106.8,63.1,12.03,12.0,0.2,-0.0,20.7,0,129.2,229.8
33.0,5244.0,56.5,105.6,57.5,11.89,12.0,-2.3,2.1,21.0,0,127.5,228.2
33.1,5180.0,58.4,105.9,61.3,11.84,12.0,1.0,0.6,20.6,0,127.8,228.6
33.2,5146.0,60.4,103.7,60.2,12.03,12.0,-0.4,2.7,22.3,0,130.2,228.4
33.3,5170.0,56.0,112.5,63.9,11.91,12.0,0.7,-1.1,22.3,0,128.5,228.8
33.4,5175.0,52.9,107.8,51.3,12.17,12.0,0.4,1.1,22.9,0,130.5,230.0
33.5,4899.0,57.0,100.9,60.0,11.61,12.0,0.3,2.4,19.7,0,134.7,231.0
33.6,5068.0,61.9,100.6,64.2,12.02,12.0,-0.1,0.1,21.9,0,128.7,229.7
33.7,4992.0,61.1,105.7,59.0,11.82,12.0,1.2,0.8,19.7,0,131.0,230.1
33.8,4943.0,61.6,99.3,60.4,11.92,12.0,-0.3,0.6,19.5,0,135.9,230.6
33.9,5119.0,54.0,102.8,57.1,12.06,12.0,-2.2,0.3,18.8,0,132.6,229.5
34.0,4849.0,57.3,102.9,57.7,11.78,12.0,0.9,1.2,20.8,0,131.2,230.7
34.1,4742.0,54.7,99.2,55.7,12.03,12.0,-1.2,-0.3,19.8,0,131.7,230.1
34.2,4977.0,58.2,92.4,53.3,11.96,12.0,-2.0,0.9,20.7,0,133.0,229.7
34.3,4682.0,54.2,95.8,56.2,11.87,12.0,-1.5,1.5,19.8,0,135.6,229.9
34.4,4591.0,51.4,95.0,52.2,11.91,12.0,0.4,0.8,23.2,0,131.3,228.2
34.5,4900.0,45.6,99.5,45.4,11.97,12.0,-0.1,-0.0,23.0,0,130.9,230.0
34.6,4778.0,60.9,99.0,61.9,11.85,12.0,-3.2,2.0,22.1,0,129.8,228.6
34.7,4783.0,57.6,91.2,56.4,12.0,12.0,-0.6,1.7,19.4,0,132.9,228.6
34.8,4640.0,48.7,84.2,46.9,11.94,12.0,1.8,-0.0,23.4,0,130.0,230.1
34.9,4493.0,54.8,88.6,54.0,11.88,12.0,-0.7,-0.3,19.1,0,131.9,229.2
35.0,4482.0,50.9,93.4,49.6,12.32,12.0,-0.2,0.0,21.7,0,131.2,230.1
35.1,4556.0,51.9,80.9,58.5,12.08,12.0,1.6,1.5,20.7,0,135.2,230.3
35.2,4400.0,48.7,87.2,51.4,11.92,12.0,1.2,1.3,21.4,0,132.2,230.4
35.3,4553.0,55.7,86.0,52.8,12.03,12.0,1.5,1.8,20.2,0,134.1,229.6
35.4,4423.0,48.8,90.1,54.9,11.79,12.0,-4.2,0.7,20.9,0,130.2,231.1
35.5,4463.0,48.1,99.7,46.8,11.91,12.0,2.6,0.1,20.7,0,133.8,230.4
35.6,4420.0,56.5,90.1,56.6,11.94,12.0,1.0,1.9,20.1,0,131.2,230.9
35.7,4409.0,51.2,90.3,53.8,11.75,12.0,3.7,0.4,21.6,0,132.9,229.7
35.8,4383.0,51.0,93.6,45.1,12.08,12.0,-1.2,1.2,22.7,0,138.3,230.6
35.9,4241.0,52.7,87.4,52.0,11.9,12.0,-2.6,-0.5,21.5,0,135.8,231.6
36.0,4264.0,47.5,86.9,45.8,11.93,12.0,0.0,0.4,23.3,0,133.8,231.6
36.1,4229.0,47.9,90.8,48.5,11.89,12.0,-0.4,2.0,20.5,0,140.6,230.3
36.2,3867.0,46.7,81.5,47.8,12.59,12.0,1.0,0.3,21.8,0,132.5,230.6
36.3,4194.0,43.2,87.5,42.9,14.57,14.7,1.6,1.8,23.5,0,136.7,230.3
36.4,4092.0,49.0,83.7,48.7,11.59,12.0,-0.1,-1.3,22.2,0,131.4,230.6
36.5,4099.0,45.2,83.0,48.4,11.68,12.0,-0.4,0.4,21.6,0,134.1,230.1
36.6,3834.0,48.5,82.6,49.4,14.85,14.7,0.8,0.8,22.8,0,132.0,231.2
36.7,3907.0,48.2,79.1,48.3,14.97,14.7,-0.4,2.7,21.4,0,135.3,231.9
36.8,3770.0,46.0,82.5,46.5,14.56,14.7,-0.5,-0.2,21.6,0,135.0,230.8
36.9,3947.0,40.0,77.1,45.5,14.96,14.7,1.6,1.7,23.8,0,134.4,231.4
37.0,3644.0,42.5,80.8,43.0,14.85,14.7,1.9,2.1,22.9,0,137.3,231.4
37.1,3657.0,38.3,77.2,36.8,14.66,14.7,1.6,0.3,23.1,0,134.1,232.5
37.2,3788.0,44.4,74.1,38.7,14.65,14.7,-0.3,0.6,22.0,0,136.0,231.2
37.3,3604.0,33.1,76.2,28.8,14.74,14.7,-3.2,1.1,23.4,0,137.1,231.3
37.4,3523.0,35.3,69.9,33.9,14.88,14.7,-0.2,-0.5,23.7,0,132.6,231.2
37.5,3698.0,48.3,76.3,47.9,14.78,14.7,-1.1,0.5,23.1,0,134.2,231.0
37.6,3658.0,44.5,73.4,42.8,14.56,14.7,-0.2,2.3,22.8,0,135.9,232.4
37.7,3586.0,40.8,73.3,41.8,14.67,14.7,-1.0,1.5,24.2,0,137.2,232.0
37.8,3556.0,38.2,77.0,36.5,15.1,14.7,-0.0,0.8,24.1,0,138.9,232.2
37.9,3382.0,35.4,71.7,32.7,14.75,14.7,-1.6,1.1,23.5,0,135.7,233.2
38.0,3340.0,40.1,64.3,41.9,14.87,14.7,-1.9,1.6,21.7,0,135.6,233.3
38.1,3242.0,36.8,62.5,40.9,14.81,14.7,1.8,1.8,22.9,0,134.6,231.0
38.2,3295.0,45.0,68.9,41.6,14.75,14.7,-1.5,0.4,21.8,0,137.1,232.9
38.3,3167.0,36.5,66.6,37.3,14.72,14.7,0.0,2.5,23.2,0,136.0,232.7
38.4,3134.0,37.1,61.8,31.4,14.88,14.7,1.4,2.3,24.8,0,136.1,232.2
38.5,3214.0,32.3,72.5,27.8,14.84,14.7,1.4,1.7,25.6,0,136.6,232.9
38.6,3240.0,36.7,70.0,34.9,14.75,14.7,1.2,0.2,26.1,0,138.0,231.3
38.7,3102.0,37.2,61.4,40.6,14.56,14.7,0.5,-0.0,23.0,0,135.9,234.0
38.8,3226.0,36.5,63.5,34.1,14.78,14.7,1.1,0.7,25.5,0,135.6,233.3
38.9,2883.0,32.0,58.4,29.5,14.69,14.7,2.1,1.1,26.3,0,138.1,232.2
39.0,2704.0,33.1,54.3,33.2,14.64,14.7,0.6,-0.8,24.2,0,131.3,232.5
39.1,2968.0,41.0,66.1,41.1,15.24,14.7,-2.8,1.5,23.6,0,136.2,231.7
39.2,2748.0,32.9,60.5,30.6,14.39,14.7,-0.8,2.3,25.8,0,135.2,232.9
39.3,2766.0,37.1,57.1,43.1,14.89,14.7,1.0,1.6,23.8,0,140.1,232.8
39.4,2545.0,32.4,55.1,31.6,14.53,14.7,-0.9,0.3,24.5,0,136.9,232.2
39.5,2609.0,35.0,57.0,35.4,14.73,14.7,2.4,0.2,23.5,0,136.7,234.0
39.6,2496.0,26.9,51.6,25.7,15.21,14.7,-0.1,1.3,23.2,0,137.9,234.4
39.7,2585.0,29.6,54.8,30.9,14.51,14.7,0.1,0.8,25.1,0,136.9,233.5
39.8,2550.0,29.2,54.9,32.9,14.56,14.7,1.7,1.4,24.4,0,137.4,233.3
39.9,2570.0,32.4,54.9,37.4,14.7,14.7,-0.3,1.6,23.5,0,138.5,234.0
40.0,2670.0,34.6,51.8,32.3,14.53,14.7,0.3,2.1,24.7,0,137.6,233.7
40.1,2565.0,30.7,50.1,34.0,14.88,14.7,1.3,-0.1,23.4,0,137.7,232.9
40.2,2252.0,30.0,45.2,31.6,14.59,14.7,-2.2,1.2,25.8,0,136.6,233.3
40.3,2483.0,27.0,48.3,29.9,14.83,14.7,-0.4,0.6,26.0,0,136.4,233.7
40.4,2388.0,31.6,43.3,31.4,14.43,14.7,1.2,0.9,24.3,0,139.0,234.2
40.5,2328.0,31.5,50.6,30.9,14.34,14.7,0.1,1.9,24.7,0,139.6,234.1
40.6,2303.0,29.8,48.8,32.6,14.65,14.7,2.2,2.0,23.8,0,136.2,234.3
40.7,2297.0,27.6,41.9,30.4,14.39,14.7,-2.4,2.4,26.2,0,140.7,233.0
40.8,2157.0,28.2,43.4,32.9,15.0,14.7,-2.5,1.4,25.5,0,140.8,234.8
40.9,2187.0,22.1,44.3,22.7,14.39,14.7,1.2,0.9,26.6,0,141.3,234.4
41.0,2320.0,28.1,48.5,27.8,14.49,14.7,1.3,0.7,25.8,0,140.1,236.5
41.1,2063.0,25.5,38.1,18.1,14.78,14.7,-0.3,-0.7,25.1,0,140.9,234.2
41.2,1995.0,18.1,35.6,13.3,14.58,14.7,0.6,2.3,25.5,0,144.1,234.8
41.3,2082.0,26.4,45.0,25.2,14.4,14.7,1.1,0.7,26.6,0,139.2,236.9
41.4,1927.0,17.7,33.5,14.4,15.11,14.7,-1.2,1.5,27.7,0,137.8,234.9
41.5,1829.0,19.8,36.7,22.2,14.5,14.7,-1.1,1.7,26.2,0,137.0,234.7
41.6,1969.0,23.3,39.2,19.4,14.66,14.7,0.3,-0.2,26.5,0,143.7,234.1
41.7,2159.0,22.5,44.0,21.0,14.66,14.7,1.4,0.1,27.5,0,143.8,236.2
41.8,1957.0,23.3,41.3,22.0,14.84,14.7,-1.7,2.5,27.2,0,138.5,234.1
41.9,1960.0,23.3,46.7,26.9,14.79,14.7,-0.3,1.3,25.5,0,139.0,235.4
42.0,1661.0,16.3,27.8,14.4,14.53,14.7,-0.4,0.4,25.8,0,139.9,234.8
42.1,1948.0,25.2,43.6,26.5,14.63,14.7,0.6,0.9,24.5,0,143.1,235.1
42.2,1887.0,19.1,28.8,19.7,14.65,14.7,-0.0,2.1,26.5,0,138.2,234.2
42.3,1777.0,30.1,42.2,32.8,14.85,14.7,-0.8,1.9,26.5,0,137.0,236.4
42.4,1861.0,21.5,30.1,24.0,14.47,14.7,1.9,-0.5,25.7,0,145.3,235.2
42.5,1843.0,17.0,47.7,16.9,15.1,14.7,-0.8,2.6,26.6,0,141.7,234.5
42.6,1679.0,15.8,33.0,10.7,14.55,14.7,-0.4,2.0,26.7,0,142.1,236.6
42.7,1832.0,26.1,42.9,25.4,14.7,14.7,-2.4,0.8,25.1,0,140.9,235.2
42.8,1922.0,21.0,43.9,20.9,14.47,14.7,-1.1,-0.2,26.5,0,142.4,236.0
42.9,1738.0,15.0,34.0,15.9,14.44,14.7,0.8,2.1,26.2,0,138.5,236.5
43.0,1650.0,22.8,32.5,20.6,14.53,14.7,0.5,1.5,27.3,0,140.0,236.2
43.1,1722.0,18.6,32.1,22.0,14.51,14.7,0.9,-0.5,26.8,0,142.0,234.2
43.2,1837.0,24.2,41.0,24.3,14.62,14.7,0.8,0.8,28.4,0,137.3,236.6
43.3,1579.0,22.3,30.8,19.6,14.5,14.7,3.1,4.1,25.1,0,141.4,236.0
43.4,1788.0,22.1,33.5,20.8,14.84,14.7,-1.1,1.0,27.9,0,141.4,235.9
43.5,1632.0,28.8,35.7,34.6,14.54,14.7,-2.4,0.3,26.6,0,141.6,236.1
43.6,1737.0,13.5,32.2,15.5,14.52,14.7,-1.6,-0.0,27.3,0,141.2,235.0
43.7,1637.0,16.0,32.4,19.1,14.62,14.7,-1.1,2.8,26.9,0,140.4,236.5
43.8,1634.0,18.2,34.1,15.1,14.9,14.7,-1.5,1.8,26.0,0,138.9,235.4
43.9,1883.0,31.2,36.2,29.1,14.74,14.7,0.1,2.4,23.9,0,142.9,236.3
44.0,1531.0,25.2,29.6,23.2,14.68,14.7,1.9,1.2,25.8,0,142.1,236.7
44.1,1759.0,25.8,42.4,26.4,14.41,14.7,2.3,2.3,25.7,0,140.1,237.5
44.2,1910.0,19.3,38.5,18.8,14.47,14.7,0.8,0.2,25.2,0,143.1,236.1
44.3,1788.0,18.3,35.4,16.9,14.44,14.7,3.2,1.2,29.2,0,142.5,238.0
44.4,1550.0,14.9,31.2,13.8,14.96,14.7,-0.5,1.3,27.3,0,142.3,237.6
44.5,1561.0,15.2,34.0,12.9,14.81,14.7,-2.4,2.4,27.5,0,139.0,236.6
44.6,1631.0,25.2,29.4,24.6,14.53,14.7,1.6,1.3,25.2,0,144.8,236.1
44.7,1748.0,19.6,37.7,22.9,14.59,14.7,-2.8,0.4,26.5,0,141.0,235.9
44.8,1765.0,20.3,37.4,15.8,14.53,14.7,-1.1,1.1,26.3,0,143.7,237.4
44.9,1595.0,21.9,25.7,22.9,14.52,14.7,0.8,-0.7,26.4,0,142.1,236.6
45.0,1653.0,12.8,41.2,16.9,14.79,14.7,-0.2,-1.3,27.9,0,143.1,238.3
45.1,1672.0,19.9,40.3,19.3,14.64,14.7,-0.3,1.8,27.5,0,146.2,236.8
45.2,1761.0,16.3,33.1,14.7,15.12,14.7,-1.8,0.6,27.5,0,145.1,236.7
45.3,2035.0,22.8,37.4,25.5,14.95,14.7,-0.0,0.7,26.9,0,146.4,237.7
45.4,1700.0,17.7,35.9,14.7,14.96,14.7,1.5,1.8,27.0,0,144.9,237.0
45.5,1711.0,17.6,29.5,17.5,14.83,14.7,0.0,2.4,27.3,0,145.2,237.7
45.6,1709.0,21.0,40.6,17.9,14.62,14.7,-1.2,1.5,26.3,0,140.9,238.5
45.7,1940.0,23.7,38.1,18.1,14.82,14.7,-1.9,2.9,27.1,0,144.0,237.9
45.8,1878.0,21.2,45.1,20.8,14.63,14.7,-1.2,1.5,26.8,0,144.2,238.0
45.9,1795.0,22.6,33.7,18.8,15.03,14.7,0.6,1.3,26.1,0,147.3,238.1
46.0,1881.0,18.7,38.3,18.6,14.78,14.7,0.5,1.2,26.7,0,143.9,236.7
46.1,1851.0,24.5,43.2,27.9,14.75,14.7,-1.2,-0.3,25.8,0,145.6,238.4
46.2,2005.0,22.8,40.0,28.3,14.73,14.7,-3.3,2.0,26.2,0,145.6,238.3
46.3,2316.0,25.3,48.8,25.6,15.05,14.7,0.6,-1.4,25.7,0,147.6,239.0
46.4,2085.0,21.4,47.3,24.4,14.41,14.7,-1.3,0.4,25.9,0,145.1,238.8
46.5,2034.0,23.0,39.6,24.2,15.07,14.7,1.0,1.0,26.9,0,147.1,238.2
46.6,1992.0,30.9,36.0,29.8,14.66,14.7,-1.1,0.2,25.7,0,142.2,239.3
46.7,1939.0,22.6,34.1,16.8,14.42,14.7,-1.5,0.5,28.0,0,142.4,238.3
46.8,2216.0,21.5,48.0,26.4,14.55,14.7,0.2,2.8,25.8,0,141.2,238.8
46.9,2240.0,30.0,47.7,26.9,14.37,14.7,3.5,2.1,25.7,0,147.5,238.4
47.0,2132.0,23.2,48.2,27.3,14.83,14.7,1.1,0.3,24.2,0,147.3,239.1
47.1,2365.0,29.0,47.6,30.6,14.49,14.7,0.2,0.5,26.0,0,147.9,238.5
47.2,2254.0,24.1,40.7,21.2,14.73,14.7,0.5,-0.3,24.5,0,144.9,240.2
47.3,2377.0,33.1,39.5,34.0,14.93,14.7,-2.6,1.7,23.5,0,145.2,240.6
47.4,2354.0,25.3,59.9,31.7,14.57,14.7,-1.7,0.8,26.1,0,146.2,239.7
47.5,2331.0,33.0,50.1,37.6,14.65,14.7,-3.8,-1.0,23.9,0,149.4,240.3
47.6,2273.0,22.5,47.3,21.0,14.44,14.7,2.6,1.1,25.5,0,150.0,237.9
47.7,2406.0,27.1,50.6,25.0,14.62,14.7,2.3,1.4,25.0,0,148.3,238.1
47.8,2561.0,35.7,47.0,36.0,15.21,14.7,0.6,2.0,24.8,0,147.5,239.1
47.9,2436.0,29.3,47.0,28.8,14.86,14.7,0.2,0.9,24.2,0,149.6,239.4
48.0,2587.0,39.5,60.2,43.1,14.65,14.7,-2.3,0.6,23.4,0,146.6,239.3
48.1,2443.0,27.7,52.9,29.9,14.58,14.7,-0.3,3.0,25.0,0,146.4,238.2
48.2,2705.0,32.9,52.6,27.8,14.69,14.7,2.7,1.0,25.3,0,147.0,240.5
48.3,2688.0,39.2,50.4,40.6,14.73,14.7,0.2,1.7,24.3,0,145.5,241.4
48.4,2546.0,23.9,50.4,23.4,14.62,14.7,-0.8,0.5,24.2,0,147.2,240.8
48.5,2704.0,25.3,54.4,25.4,14.81,14.7,-2.6,1.7,26.8,0,145.4,240.7
48.6,2884.0,30.7,67.6,31.5,14.51,14.7,2.1,-0.5,24.3,0,149.8,240.1
48.7,2662.0,34.6,54.1,38.2,14.51,14.7,-0.1,0.5,24.5,0,148.9,239.3
48.8,2727.0,25.6,51.4,28.6,14.77,14.7,-2.6,-0.2,24.8,0,150.8,240.1
48.9,2889.0,36.4,59.2,34.1,14.47,14.7,-1.4,0.4,24.3,0,144.8,241.8
49.0,3196.0,39.7,66.9,39.5,14.85,14.7,-1.9,2.3,25.9,0,152.0,239.9
49.1,2902.0,42.2,54.6,40.9,14.7,14.7,-0.2,0.4,23.1,0,145.1,239.9
49.2,3086.0,40.5,65.1,35.4,14.33,14.7,0.3,1.7,22.8,0,146.0,241.2
49.3,3101.0,37.9,68.7,37.6,14.72,14.7,-0.8,2.5,23.4,0,147.3,241.3
49.4,3043.0,41.2,63.2,46.8,14.36,14.7,1.2,1.0,21.7,0,151.2,239.8
49.5,3177.0,39.5,62.2,34.4,14.84,14.7,0.1,2.0,24.9,0,149.2,240.3
49.6,3148.0,35.2,62.7,35.1,14.65,14.7,1.6,1.5,24.4,0,148.3,240.2
49.7,3203.0,33.1,59.3,32.9,15.07,14.7,-0.5,1.1,23.4,0,147.3,240.7
49.8,3092.0,34.1,63.1,35.0,14.91,14.7,4.6,1.8,23.3,0,146.3,241.6
49.9,3333.0,39.0,69.9,36.2,14.49,14.7,-0.8,2.8,23.5,0,151.4,240.2
50.0,3489.0,41.7,68.2,37.5,14.3,14.7,-1.4,0.4,24.0,0,150.9,241.8
50.1,3432.0,31.8,78.4,27.7,14.55,14.7,-1.5,0.0,23.5,0,152.1,241.0
50.2,3601.0,41.5,77.3,45.5,14.46,14.7,-0.3,-0.0,24.2,0,150.3,242.9
50.3,3585.0,42.3,66.6,39.3,15.07,14.7,-2.6,2.0,22.9,0,144.3,241.4
50.4,3553.0,44.0,66.1,42.5,14.7,14.7,0.4,2.1,21.7,0,147.2,241.1
50.5,3530.0,48.0,68.7,54.4,14.89,14.7,-2.9,0.5,21.5,0,150.7,241.7
50.6,3592.0,43.0,80.2,40.8,14.64,14.7,0.2,-1.1,24.6,0,149.2,241.1
50.7,3519.0,37.8,76.0,38.8,14.66,14.7,-2.0,0.3,22.3,0,148.9,240.0
50.8,3708.0,36.3,82.8,39.5,14.69,14.7,-0.6,1.5,23.2,0,147.9,241.3
50.9,3802.0,47.5,78.3,50.5,14.92,14.7,0.9,0.9,23.0,0,152.1,241.3
51.0,4035.0,44.0,82.2,40.0,14.76,14.7,3.5,1.2,22.9,0,151.3,240.3
51.1,3936.0,49.8,76.0,47.6,14.49,14.7,-1.6,0.5,20.9,0,151.5,241.6
51.2,3813.0,50.4,79.9,51.4,15.02,14.7,-0.2,2.0,22.6,0,149.3,240.1
51.3,3788.0,38.4,77.2,44.2,14.64,14.7,-1.1,1.3,24.6,0,151.0,241.5
51.4,3979.0,49.0,81.0,46.7,11.91,12.0,-1.3,1.6,22.2,0,148.1,242.1
51.5,4144.0,53.9,91.8,52.4,11.43,12.0,-1.1,1.2,20.4,0,150.6,242.0
51.6,4063.0,51.9,83.1,53.1,12.13,12.0,1.2,1.5,20.9,0,145.9,241.7
51.7,4197.0,41.0,91.7,42.8,12.02,12.0,-0.7,1.5,23.5,0,148.0,242.0
51.8,4152.0,45.4,79.1,47.5,12.02,12.0,3.4,0.1,21.1,0,150.6,241.6
51.9,4301.0,45.5,99.3,42.9,11.92,12.0,0.6,1.4,23.7,0,156.1,242.3
52.0,4065.0,49.9,82.2,48.3,11.88,12.0,-1.5,1.8,23.4,0,147.8,242.4
52.1,4489.0,54.5,95.3,55.1,11.93,12.0,-0.6,2.2,20.7,0,149.0,241.7
52.2,4203.0,38.7,90.0,42.4,12.09,12.0,-1.2,1.4,23.9,0,152.1,242.7
52.3,4472.0,51.4,90.1,50.7,12.13,12.0,1.2,0.0,22.6,0,155.3,242.8
52.4,4383.0,54.8,93.5,54.7,11.95,12.0,-2.5,0.2,22.8,0,152.3,242.5
52.5,4440.0,52.8,94.9,49.8,12.19,12.0,-2.0,0.6,22.8,0,153.4,244.6
52.6,4463.0,53.1,89.0,58.7,11.98,12.0,-0.9,1.2,19.4,0,151.4,242.6
52.7,4560.0,52.2,91.1,52.6,11.9,12.0,1.0,0.9,21.0,0,151.2,242.6
52.8,4621.0,50.1,95.3,53.4,12.04,12.0,1.8,-0.1,22.1,0,152.5,242.6
52.9,4729.0,55.6,96.9,55.7,11.73,12.0,2.1,-0.1,20.2,0,151.1,242.2
53.0,4806.0,56.7,104.5,57.0,12.05,12.0,0.8,-1.1,22.3,0,154.0,243.6
53.1,4711.0,57.9,99.8,53.4,11.69,12.0,-0.1,-2.1,22.0,0,149.4,242.6
53.2,4911.0,60.6,100.8,54.1,11.79,12.0,1.2,0.9,19.1,0,154.5,242.7
53.3,4749.0,56.2,100.2,60.0,11.6,12.0,-1.7,3.3,20.5,0,152.9,242.8
53.4,4900.0,62.0,92.7,62.3,11.96,12.0,-2.8,2.8,18.9,0,152.5,242.5
53.5,4853.0,55.6,97.5,56.2,12.32,12.0,0.7,0.0,20.5,0,149.8,242.0
53.6,4767.0,50.3,99.3,46.6,11.98,12.0,-1.5,1.1,21.4,0,151.2,243.1
53.7,4884.0,59.4,105.0,56.7,12.13,12.0,-0.1,-0.5,21.1,0,155.7,244.2
53.8,4952.0,58.8,102.7,61.9,12.47,12.0,0.2,-0.3,19.3,0,153.0,243.8
53.9,4916.0,59.8,107.0,65.0,12.08,12.0,0.4,-0.2,17.4,0,154.0,244.9
54.0,4996.0,53.7,106.3,51.9,11.85,12.0,1.4,0.8,19.4,0,151.8,244.4
54.1,5077.0,66.9,102.6,68.9,11.87,12.0,1.2,0.8,17.8,0,153.6,244.3
54.2,4996.0,61.6,102.3,62.2,12.0,12.0,0.3,1.3,19.1,0,151.1,245.4
54.3,4670.0,53.8,97.8,53.4,11.87,12.0,-0.7,1.7,21.2,0,154.1,243.9
54.4,5248.0,58.0,106.3,63.6,11.89,12.0,0.2,0.7,19.3,0,154.8,244.1
54.5,5033.0,63.5,109.8,62.2,12.2,12.0,-0.9,1.0,18.2,0,154.8,244.1
54.6,4992.0,54.3,98.3,58.0,12.21,12.0,-0.3,-0.1,20.0,0,152.4,245.4
54.7,4976.0,67.6,103.7,68.7,11.67,12.0,3.9,-0.3,17.6,0,153.7,244.3
54.8,5090.0,57.4,107.7,57.4,11.84,12.0,0.3,-0.5,19.9,0,155.5,243.8
54.9,5082.0,66.7,103.4,70.8,11.91,12.0,0.7,1.6,18.3,0,154.2,244.9
55.0,5078.0,59.0,102.4,59.9,12.12,12.0,-1.1,0.7,20.9,0,154.1,243.8
55.1,5101.0,66.3,104.7,66.0,12.23,12.0,1.5,-0.9,18.0,0,158.6,245.0
55.2,5262.0,59.0,111.6,63.1,12.54,12.0,1.1,0.9,19.8,0,153.0,245.0
55.3,5457.0,64.3,110.3,68.0,11.91,12.0,1.2,-0.2,18.7,0,157.2,244.5
55.4,5325.0,65.9,105.4,69.5,11.92,12.0,0.3,2.7,19.8,0,152.8,245.2
55.5,5373.0,65.9,115.2,54.2,12.12,12.0,1.6,0.4,18.9,0,156.5,243.7
55.6,5204.0,65.6,108.7,67.0,11.86,12.0,1.9,1.7,20.1,0,156.8,245.0
55.7,5272.0,60.1,112.6,60.7,11.97,12.0,0.4,2.1,18.8,0,154.4,244.6
55.8,5320.0,62.9,112.6,62.8,11.92,12.0,-0.2,0.0,19.5,0,153.1,247.3
55.9,5197.0,66.1,115.7,68.0,11.48,12.0,1.3,1.1,18.4,0,151.7,245.3
56.0,5232.0,58.7,112.2,59.5,12.02,12.0,-1.4,1.6,19.0,0,154.5,244.7
56.1,5391.0,65.7,108.1,67.7,11.96,12.0,-1.1,1.1,19.0,0,156.9,244.2
56.2,5424.0,62.9,113.6,62.1,12.25,12.0,-0.1,1.4,21.2,0,153.8,246.4
56.3,5305.0,63.2,107.0,67.7,12.0,12.0,-2.6,-0.3,18.6,0,156.3,245.1
56.4,5155.0,61.0,104.3,63.3,11.75,12.0,1.2,1.6,19.7,0,153.2,244.9
56.5,5264.0,58.8,102.7,60.4,11.95,12.0,-1.4,0.5,18.9,0,155.8,245.8
56.6,5127.0,59.3,104.4,60.8,11.58,12.0,-0.7,1.3,18.7,0,154.1,246.2
56.7,5308.0,63.0,111.5,66.5,11.76,12.0,-0.3,1.9,18.7,0,156.4,246.2
56.8,5327.0,62.3,109.4,65.3,12.13,12.0,0.1,1.7,19.2,0,155.6,245.8
56.9,5261.0,68.2,103.9,67.8,11.95,12.0,-0.5,1.3,18.2,0,154.4,246.0
57.0,5318.0,66.6,103.4,69.6,12.18,12.0,-0.1,1.6,18.7,0,155.5,246.1
57.1,5333.0,63.9,118.2,64.4,11.61,12.0,-0.1,1.7,17.7,0,155.1,246.3
57.2,5307.0,59.4,110.6,65.1,11.95,12.0,-0.7,2.5,19.5,0,154.4,246.4
57.3,5124.0,57.0,102.2,60.3,11.9,12.0,-1.2,1.0,21.0,0,159.3,247.0
57.4,5229.0,69.4,109.5,67.5,12.19,12.0,1.6,1.2,17.1,0,156.6,246.3
57.5,5299.0,58.3,117.8,65.3,12.13,12.0,-3.2,1.9,19.9,0,153.0,245.6
57.6,5428.0,64.3,114.2,58.0,12.13,12.0,-0.3,0.5,19.6,0,156.3,246.2
57.7,5193.0,62.5,95.8,64.5,12.31,12.0,-0.7,-0.3,18.8,0,159.4,247.0
57.8,5279.0,60.9,119.3,58.8,11.93,12.0,0.6,1.5,20.2,0,156.2,245.1
57.9,5304.0,58.4,101.8,64.0,12.27,12.0,-2.2,0.8,18.7,0,160.8,245.1
58.0,5159.0,57.6,105.4,58.3,11.79,12.0,-0.7,-0.2,21.3,0,156.2,247.4
58.1,5304.0,60.2,104.7,57.8,11.78,12.0,-0.2,1.5,20.3,0,159.1,247.9
58.2,5293.0,59.4,106.0,58.6,12.15,12.0,1.6,2.4,20.2,0,160.2,245.8
58.3,5296.0,67.6,110.2,65.5,11.7,12.0,0.5,-0.6,19.9,0,159.2,246.9
58.4,5166.0,60.7,98.1,59.8,12.11,12.0,-1.8,2.0,19.5,0,155.6,246.6
58.5,5373.0,61.1,110.3,60.1,12.02,12.0,-0.7,-1.5,19.2,0,156.6,246.8
58.6,4995.0,59.2,107.4,56.9,12.21,12.0,1.3,0.6,21.5,0,160.9,247.3
58.7,5301.0,65.0,105.8,65.8,11.99,12.0,-1.8,2.8,21.0,0,157.1,246.1
58.8,5115.0,58.8,99.7,60.0,12.01,12.0,-0.1,0.7,19.5,0,160.8,246.3
58.9,5159.0,64.3,105.7,61.3,12.1,12.0,-0.0,1.1,19.2,0,158.1,247.0
59.0,4934.0,53.0,100.2,48.0,11.87,12.0,-0.6,1.8,22.2,0,159.3,247.2
59.1,5047.0,64.1,101.5,65.0,11.86,12.0,4.0,-0.7,19.2,0,156.4,246.5
59.2,5090.0,59.8,100.0,61.4,12.09,12.0,-0.6,1.1,20.6,0,158.0,248.1
59.3,4760.0,55.8,100.1,58.0,11.99,12.0,0.7,1.1,21.5,0,157.6,247.2
59.4,4842.0,54.2,102.1,55.8,11.92,12.0,-1.1,2.9,20.4,0,159.9,247.3
59.5,4575.0,48.9,89.9,53.6,11.98,12.0,0.8,-0.2,22.3,0,159.8,247.9
59.6,4780.0,49.6,94.7,52.6,12.32,12.0,1.3,0.6,21.7,0,160.6,247.7
59.7,4672.0,51.9,96.7,60.0,11.91,12.0,-0.9,0.1,20.1,0,158.8,248.5
59.8,4711.0,57.8,93.1,67.1,11.91,12.0,-0.1,-0.0,19.4,0,158.0,247.2
59.9,5055.0,55.6,104.8,50.4,11.66,12.0,-1.3,2.1,20.1,0,160.4,246.9
